insert into F_UNITINFO
(UNIT_CODE, PARENT_UNIT, UNIT_TYPE, IS_VALID, UNIT_TAG,
UNIT_NAME, ENGLISH_NAME, DEP_NO, UNIT_DESC,
UNIT_SHORT_NAME, UNIT_WORD, UNIT_GRADE, UNIT_ORDER, UPDATE_DATE,
CREATE_DATE, CREATOR, UPDATOR, UNIT_PATH, UNIT_MANAGER)
values ('U00001', '', 'A', 'T', '',
'根机构', 'root', '', '根机构',
'root', 'root', null, 1, sysdate,
sysdate, 'u0000000', 'u0000000', '/U00001', '');

insert into F_USERINFO (USER_CODE, USER_PIN, IS_VALID, LOGIN_NAME, USER_NAME, USER_DESC, LOGIN_TIMES, ACTIVE_TIME, REG_EMAIL, USER_ORDER, USER_PWD, REG_CELL_PHONE, CREATE_DATE,CREATOR,UPDATOR,UPDATE_DATE)
values ('noname', '67b74fe1423796dfe8db34b959b81fbd', 'F', 'noname', '匿名用户', '匿名用户', null, null, 'noname@centit.com', 1, '', '', sysdate,'u0000000','u0000000',sysdate);
insert into F_USERINFO (USER_CODE, USER_PIN, IS_VALID, LOGIN_NAME, USER_NAME, USER_TAG, ENGLISH_NAME, USER_DESC, LOGIN_TIMES, ACTIVE_TIME, TOP_UNIT, REG_EMAIL, USER_PWD, PWD_EXPIRED_TIME, REG_CELL_PHONE, ID_CARD_NO, PRIMARY_UNIT, USER_WORD, USER_ORDER, UPDATE_DATE, CREATE_DATE, CREATOR, UPDATOR)
values ('u0000000', '$2a$11$kDsv/8nu8PeQZo371TqtA.kYYE.2I2gxOfEtchXhtm1h7lrWMkXta', 'T', 'admin', '管理员', 'CN=admin,CN=Users,DC=centit,DC=com', '', '', null, null, '', '', '', null, '', '', 'U00001', '', 1, sysdate, sysdate, '', '');

insert into F_USERUNIT (USER_UNIT_ID, UNIT_CODE, USER_CODE, IS_PRIMARY, USER_STATION, USER_RANK, RANK_MEMO, USER_ORDER,
UPDATE_DATE, CREATE_DATE, CREATOR, UPDATOR) values ('s000000000', 'U00001', 'u0000000', 'T', 'mang', 'CM', '', 1, sysdate, sysdate, 'u0000000', '');

insert into F_UNITROLE (UNIT_CODE, ROLE_CODE, OBTAIN_DATE, SECEDE_DATE, CHANGE_DESC, UPDATE_DATE, CREATE_DATE, CREATOR, UPDATOR) values ('U00001', 'deploy', trunc(sysdate), null, '', null, sysdate, '', '');
insert into F_UNITROLE (UNIT_CODE, ROLE_CODE, OBTAIN_DATE, SECEDE_DATE, CHANGE_DESC, UPDATE_DATE, CREATE_DATE, CREATOR, UPDATOR) values ('U00001', 'sysadmin', trunc(sysdate), null, '', null, sysdate, '', '');

-- 初始化数据字典
insert into f_datacatalog (CATALOG_CODE, CATALOG_NAME, CATALOG_STYLE, CATALOG_TYPE, CATALOG_DESC, FIELD_DESC, UPDATE_DATE, CREATE_DATE, OPT_ID, NEED_CACHE, CREATOR, UPDATOR) values ('CatalogStyle', '字典类型', 'F', 'L', 'F : 框架固有的 U:用户 S：系统', '{"dataCode":{"value":"类别代码","isUse":"T"},"dataValue":{"value":"类别名称","isUse":"T"},"extraCode":{"value":"类别参数","isUse":"F"},"extraCode2":{"value":"扩展编码2","isUse":"F"},"dataTag":{"value":"数据标记","isUse":"F"},"dataDesc":{"value":"类别描述","isUse":"T"}}', null, null, 'DICTSET_M', '1', 'u0000000', 'u0000000');
insert into f_datacatalog (CATALOG_CODE, CATALOG_NAME, CATALOG_STYLE, CATALOG_TYPE, CATALOG_DESC, FIELD_DESC, UPDATE_DATE, CREATE_DATE, OPT_ID, NEED_CACHE, CREATOR, UPDATOR) values ('CatalogType', '字典结构', 'F', 'L', 'L:列表T:树形 测试修改', '{"dataCode":{"value":"编码","isUse":"T"},"dataValue":{"value":"数值","isUse":"T"},"extraCode":{"value":"扩展编码","isUse":"F"},"extraCode2":{"value":"扩展编码2","isUse":"F"},"dataTag":{"value":"数据标记","isUse":"F"},"dataDesc":{"value":"数据描述","isUse":"T"}}', null, null, 'DICTSET_M', '1', 'u0000000', 'u0000000');
insert into f_datacatalog (CATALOG_CODE, CATALOG_NAME, CATALOG_STYLE, CATALOG_TYPE, CATALOG_DESC, FIELD_DESC, UPDATE_DATE, CREATE_DATE, OPT_ID, NEED_CACHE, CREATOR, UPDATOR) values ('FlowUserRole', '工作流流程角色', 'S', 'L', '', '{"dataCode":{"value":"角色编码","isUse":"T"},"dataValue":{"value":"角色名称","isUse":"T"},"extraCode":{"value":"扩展编码","isUse":"F"},"extraCode2":{"value":"扩展编码2","isUse":"F"},"dataTag":{"value":"数据标记","isUse":"F"},"dataDesc":{"value":"数据描述","isUse":"T"}}', null, null, 'SYS_CONFIG', '1', '', '');
insert into f_datacatalog (CATALOG_CODE, CATALOG_NAME, CATALOG_STYLE, CATALOG_TYPE, CATALOG_DESC, FIELD_DESC, UPDATE_DATE, CREATE_DATE, OPT_ID, NEED_CACHE, CREATOR, UPDATOR) values ('LogLevel', '日志类型', 'F', 'L', '日志类型', '{"dataCode":{"value":"类型编码","isUse":"T"},"dataValue":{"value":"类型名称","isUse":"T"},"extraCode":{"value":"扩展编码11","isUse":"T"},"extraCode2":{"value":"扩展编码2","isUse":"F"},"dataTag":{"value":"数据标记","isUse":"F"},"dataDesc":{"value":"数据描述","isUse":"T"}}', null, null, 'OPT_LOG_QUERY', '1', 'u0000000', 'u0000000');
insert into f_datacatalog (CATALOG_CODE, CATALOG_NAME, CATALOG_STYLE, CATALOG_TYPE, CATALOG_DESC, FIELD_DESC, UPDATE_DATE, CREATE_DATE, OPT_ID, NEED_CACHE, CREATOR, UPDATOR) values ('MsgType', '消息类型', 'F', 'T', '测试测试', '{"dataCode":{"value":"类型编码","isUse":"T"},"dataValue":{"value":"类型名称","isUse":"T"},"extraCode":{"value":"上级编码","isUse":"T"},"extraCode2":{"value":"扩展编码2","isUse":"F"},"dataTag":{"value":"数据标记","isUse":"F"},"dataDesc":{"value":"数据描述","isUse":"T"}}', null, null, 'PLATFORM', '1', 'u0000000', 'u0000000');
insert into f_datacatalog (CATALOG_CODE, CATALOG_NAME, CATALOG_STYLE, CATALOG_TYPE, CATALOG_DESC, FIELD_DESC, UPDATE_DATE, CREATE_DATE, OPT_ID, NEED_CACHE, CREATOR, UPDATOR) values ('OptType', '业务类别', 'F', 'L', '业务类别', '{\"dataCode\":{\"value\":\"类别编码\",\"isUse\":\"T\"},\"dataValue\":{\"value\":\"类别名称\",\"isUse\":\"T\"},\"extraCode\":{\"value\":\"扩展编码\",\"isUse\":\"F\"},\"extraCode2\":{\"value\":\"排序\",\"isUse\":\"F\"},\"dataTag\":{\"value\":\"数据标记\",\"isUse\":\"F\"},\"dataDesc\":{\"value\":\"数据描述\",\"isUse\":\"T\"}}', null, null, 'SYSCONF', '1', 'u0000000', 'u0000000');
insert into f_datacatalog (CATALOG_CODE, CATALOG_NAME, CATALOG_STYLE, CATALOG_TYPE, CATALOG_DESC, FIELD_DESC, UPDATE_DATE, CREATE_DATE, OPT_ID, NEED_CACHE, CREATOR, UPDATOR) values ('RankType', '行政职务类别', 'S', 'T', '业务职务类别，类别代码长度为2。数值越低等级越高', '{"dataCode":{"value":"编码","isUse":"T"},"dataValue":{"value":"数值","isUse":"T"},"extraCode":{"value":"扩展编码","isUse":"F"},"extraCode2":{"value":"扩展编码2","isUse":"F"},"dataTag":{"value":"数据标记","isUse":"F"},"dataDesc":{"value":"数据描述","isUse":"T"}}', null, null, 'SYS_CONFIG', '0', 'u0000000', 'u0000000');
insert into f_datacatalog (CATALOG_CODE, CATALOG_NAME, CATALOG_STYLE, CATALOG_TYPE, CATALOG_DESC, FIELD_DESC, UPDATE_DATE, CREATE_DATE, OPT_ID, NEED_CACHE, CREATOR, UPDATOR) values ('StationType', '岗位角色', 'S', 'T', '业务岗位类别，类别代码长度为4', '{"dataCode":{"value":"编码","isUse":"T"},"dataValue":{"value":"数值","isUse":"T"},"extraCode":{"value":"扩展编码","isUse":"F"},"extraCode2":{"value":"扩展编码2","isUse":"F"},"dataTag":{"value":"数据标记","isUse":"F"},"dataDesc":{"value":"数据描述","isUse":"F"}}', null, null, 'USERUNIT', '0', 'u0000000', 'u0000000');
insert into f_datacatalog (CATALOG_CODE, CATALOG_NAME, CATALOG_STYLE, CATALOG_TYPE, CATALOG_DESC, FIELD_DESC, UPDATE_DATE, CREATE_DATE, OPT_ID, NEED_CACHE, CREATOR, UPDATOR) values ('SUPPORT_LANG', '系统支持的语言', 'S', 'T', '系统支持的语言,需要在system.properties中把参数sys.multi_lang设置为true才会生效', '{"dataCode":{"value":"编码","isUse":"T"},"dataValue":{"value":"数值","isUse":"T"},"extraCode":{"value":"扩展编码","isUse":"F"},"extraCode2":{"value":"扩展编码2","isUse":"F"},"dataTag":{"value":"数据标记","isUse":"F"},"dataDesc":{"value":"数据描述","isUse":"T"}}', null, null, 'DICTSET', '1', 'u0000000', 'u0000000');
insert into f_datacatalog (CATALOG_CODE, CATALOG_NAME, CATALOG_STYLE, CATALOG_TYPE, CATALOG_DESC, FIELD_DESC, UPDATE_DATE, CREATE_DATE, OPT_ID, NEED_CACHE, CREATOR, UPDATOR) values ('UnitType', '机构类别', 'S', 'L', '', '{"dataCode":{"value":"类别编码","isUse":"T"},"dataValue":{"value":"类别名称","isUse":"T"},"extraCode":{"value":"扩展编码","isUse":"F"},"extraCode2":{"value":"排序","isUse":"F"},"dataTag":{"value":"数据标记","isUse":"F"},"dataDesc":{"value":"数据描述","isUse":"T"}}', null, null, 'ORGMAG', '1', '', '');
insert into f_datacatalog (CATALOG_CODE, CATALOG_NAME, CATALOG_STYLE, CATALOG_TYPE, CATALOG_DESC, FIELD_DESC, UPDATE_DATE, CREATE_DATE, OPT_ID, NEED_CACHE, CREATOR, UPDATOR) values ('userSettingKey', '用户设置参数', 'S', 'L', '用户可以设置的参数', '{\"dataCode\":{\"value\":\"参数编码\",\"isUse\":\"T\"},\"dataValue\":{\"value\":\"参数名称\",\"isUse\":\"T\"},\"extraCode\":{\"value\":\"扩展编码\",\"isUse\":\"F\"},\"extraCode2\":{\"value\":\"排序\",\"isUse\":\"F\"},\"dataTag\":{\"value\":\"数据标记\",\"isUse\":\"F\"},\"dataDesc\":{\"value\":\"参数填写说明\",\"isUse\":\"T\"}}', null, null, 'DICTSET_M', '1', 'u0000000', 'u0000000');
insert into f_datacatalog (CATALOG_CODE, CATALOG_NAME, CATALOG_STYLE, CATALOG_TYPE, CATALOG_DESC, FIELD_DESC, UPDATE_DATE, CREATE_DATE, OPT_ID, NEED_CACHE, CREATOR, UPDATOR) values ('YesOrNo', '是否', 'F', 'L', '', '{"dataCode":{"value":"编码","isUse":"T"},"dataValue":{"value":"数值","isUse":"T"},"extraCode":{"value":"扩展编码11","isUse":"T"},"extraCode2":{"value":"排序","isUse":"F"},"dataTag":{"value":"数据标记","isUse":"F"},"dataDesc":{"value":"数据描述","isUse":"T"}}', null, null, 'SYS_CONFIG', '1', 'u0000000', 'u0000000');
insert into f_datacatalog (CATALOG_CODE, CATALOG_NAME, CATALOG_STYLE, CATALOG_TYPE, CATALOG_DESC, FIELD_DESC, UPDATE_DATE, CREATE_DATE, OPT_ID, NEED_CACHE, CREATOR, UPDATOR) values ('RoleType', '角色类别', 'F', 'L', '', '{"dataCode":{"value":"编码","isUse":"T"},"dataValue":{"value":"角色名称","isUse":"T"},"extraCode":{"value":"扩展编码","isUse":"F"},"extraCode2":{"value":"扩展编码2","isUse":"F"},"dataTag":{"value":"数据标记","isUse":"F"},"dataDesc":{"value":"数据描述","isUse":"T"}}', null, null, 'PLATFORM', '1', '', '');

insert into f_datadictionary (CATALOG_CODE, DATA_CODE, EXTRA_CODE, EXTRA_CODE2, DATA_TAG, DATA_VALUE, DATA_STYLE, DATA_DESC, LAST_MODIFY_DATE, CREATE_DATE, DATA_ORDER) values ('CatalogStyle', 'F', '', '', 'T', '框架固有', 'F', '任何地方都不允许编辑，只能有开发人员给出更新脚本添加、更改和删除', null, null, 0);
insert into f_datadictionary (CATALOG_CODE, DATA_CODE, EXTRA_CODE, EXTRA_CODE2, DATA_TAG, DATA_VALUE, DATA_STYLE, DATA_DESC, LAST_MODIFY_DATE, CREATE_DATE, DATA_ORDER) values ('CatalogStyle', 'G', '', '', 'T', '国标', 'F', '这个暂时不考虑可以在字典类别中进行描述', null, null, 1);
insert into f_datadictionary (CATALOG_CODE, DATA_CODE, EXTRA_CODE, EXTRA_CODE2, DATA_TAG, DATA_VALUE, DATA_STYLE, DATA_DESC, LAST_MODIFY_DATE, CREATE_DATE, DATA_ORDER) values ('CatalogStyle', 'S', '', '', 'T', '系统参数', 'F', '实施人员可以在实施入口对数据字典的类别和字典条目进行CRUD操作', null, null, 2);
insert into f_datadictionary (CATALOG_CODE, DATA_CODE, EXTRA_CODE, EXTRA_CODE2, DATA_TAG, DATA_VALUE, DATA_STYLE, DATA_DESC, LAST_MODIFY_DATE, CREATE_DATE, DATA_ORDER) values ('CatalogStyle', 'U', '', '', 'T', '用户参数', 'F', '管理员入口 和 实施人员入口 都 对这类别字典类别和条目进行CRUD', null, null, 3);
insert into f_datadictionary (CATALOG_CODE, DATA_CODE, EXTRA_CODE, EXTRA_CODE2, DATA_TAG, DATA_VALUE, DATA_STYLE, DATA_DESC, LAST_MODIFY_DATE, CREATE_DATE, DATA_ORDER) values ('CatalogType', 'L', '', '', 'T', '列表', 'F', '列表', null, null, 0);
insert into f_datadictionary (CATALOG_CODE, DATA_CODE, EXTRA_CODE, EXTRA_CODE2, DATA_TAG, DATA_VALUE, DATA_STYLE, DATA_DESC, LAST_MODIFY_DATE, CREATE_DATE, DATA_ORDER) values ('CatalogType', 'T', '', '', 'T', '树形', 'F', '树形', null, null, 1);
insert into f_datadictionary (CATALOG_CODE, DATA_CODE, EXTRA_CODE, EXTRA_CODE2, DATA_TAG, DATA_VALUE, DATA_STYLE, DATA_DESC, LAST_MODIFY_DATE, CREATE_DATE, DATA_ORDER) values ('FlowUserRole', '1', '', '', 'T', '1', 'S', '1', null, null, 4);
insert into f_datadictionary (CATALOG_CODE, DATA_CODE, EXTRA_CODE, EXTRA_CODE2, DATA_TAG, DATA_VALUE, DATA_STYLE, DATA_DESC, LAST_MODIFY_DATE, CREATE_DATE, DATA_ORDER) values ('FlowUserRole', '2222', '', '', 'T', '1', 'S', '1', null, null, 4);
insert into f_datadictionary (CATALOG_CODE, DATA_CODE, EXTRA_CODE, EXTRA_CODE2, DATA_TAG, DATA_VALUE, DATA_STYLE, DATA_DESC, LAST_MODIFY_DATE, CREATE_DATE, DATA_ORDER) values ('FlowUserRole', 'auditor', '', '03', 'T', '审核人', 'U', '流程业务的审核人', null, null, 2);
insert into f_datadictionary (CATALOG_CODE, DATA_CODE, EXTRA_CODE, EXTRA_CODE2, DATA_TAG, DATA_VALUE, DATA_STYLE, DATA_DESC, LAST_MODIFY_DATE, CREATE_DATE, DATA_ORDER) values ('FlowUserRole', 'operator', '', '02', 'T', '经办人', 'U', '流程业务的经办人', null, null, 1);
insert into f_datadictionary (CATALOG_CODE, DATA_CODE, EXTRA_CODE, EXTRA_CODE2, DATA_TAG, DATA_VALUE, DATA_STYLE, DATA_DESC, LAST_MODIFY_DATE, CREATE_DATE, DATA_ORDER) values ('FlowUserRole', 'request', '', '01', 'T', '申请人', 'U', '流程业务的申请人', null, null, 0);
insert into f_datadictionary (CATALOG_CODE, DATA_CODE, EXTRA_CODE, EXTRA_CODE2, DATA_TAG, DATA_VALUE, DATA_STYLE, DATA_DESC, LAST_MODIFY_DATE, CREATE_DATE, DATA_ORDER) values ('LogLevel', '0', '', '', 'T', '操作日志', 'F', '', null, null, 0);
insert into f_datadictionary (CATALOG_CODE, DATA_CODE, EXTRA_CODE, EXTRA_CODE2, DATA_TAG, DATA_VALUE, DATA_STYLE, DATA_DESC, LAST_MODIFY_DATE, CREATE_DATE, DATA_ORDER) values ('LogLevel', '1', '', '', 'T', '错误提示', 'F', '', null, null, 1);
insert into f_datadictionary (CATALOG_CODE, DATA_CODE, EXTRA_CODE, EXTRA_CODE2, DATA_TAG, DATA_VALUE, DATA_STYLE, DATA_DESC, LAST_MODIFY_DATE, CREATE_DATE, DATA_ORDER) values ('MsgType', 'A', '', '', 'T', '公告', 'F', '给部门群发的消息', null, null, 0);
insert into f_datadictionary (CATALOG_CODE, DATA_CODE, EXTRA_CODE, EXTRA_CODE2, DATA_TAG, DATA_VALUE, DATA_STYLE, DATA_DESC, LAST_MODIFY_DATE, CREATE_DATE, DATA_ORDER) values ('MsgType', 'P', '', '', 'T', '个人消息', 'F', '', null, null, 1);
insert into f_datadictionary (CATALOG_CODE, DATA_CODE, EXTRA_CODE, EXTRA_CODE2, DATA_TAG, DATA_VALUE, DATA_STYLE, DATA_DESC, LAST_MODIFY_DATE, CREATE_DATE, DATA_ORDER) values ('OptType', 'I', '', '', 'T', '项目业务', 'F', '项目业务', null, null, 2);
insert into f_datadictionary (CATALOG_CODE, DATA_CODE, EXTRA_CODE, EXTRA_CODE2, DATA_TAG, DATA_VALUE, DATA_STYLE, DATA_DESC, LAST_MODIFY_DATE, CREATE_DATE, DATA_ORDER) values ('OptType', 'O', '', '', 'T', '普通业务', 'F', '普通业务', null, null, 0);
insert into f_datadictionary (CATALOG_CODE, DATA_CODE, EXTRA_CODE, EXTRA_CODE2, DATA_TAG, DATA_VALUE, DATA_STYLE, DATA_DESC, LAST_MODIFY_DATE, CREATE_DATE, DATA_ORDER) values ('OptType', 'S', '', '', 'T', '实施业务', 'F', '实施业务', null, null, 1);
insert into f_datadictionary (CATALOG_CODE, DATA_CODE, EXTRA_CODE, EXTRA_CODE2, DATA_TAG, DATA_VALUE, DATA_STYLE, DATA_DESC, LAST_MODIFY_DATE, CREATE_DATE, DATA_ORDER) values ('OptType', 'W', '', '', 'T', '工作流业务', 'F', '工作流业务', null, null, 3);
insert into f_datadictionary (CATALOG_CODE, DATA_CODE, EXTRA_CODE, EXTRA_CODE2, DATA_TAG, DATA_VALUE, DATA_STYLE, DATA_DESC, LAST_MODIFY_DATE, CREATE_DATE, DATA_ORDER) values ('RankType', 'CM', '1', '', 'T', '董事长', 'S', '', null, null, 1);
insert into f_datadictionary (CATALOG_CODE, DATA_CODE, EXTRA_CODE, EXTRA_CODE2, DATA_TAG, DATA_VALUE, DATA_STYLE, DATA_DESC, LAST_MODIFY_DATE, CREATE_DATE, DATA_ORDER) values ('RankType', 'DM', '5', '', 'T', '部门经理', 'S', '', null, null, 5);
insert into f_datadictionary (CATALOG_CODE, DATA_CODE, EXTRA_CODE, EXTRA_CODE2, DATA_TAG, DATA_VALUE, DATA_STYLE, DATA_DESC, LAST_MODIFY_DATE, CREATE_DATE, DATA_ORDER) values ('RankType', 'GM', '2', '', 'T', '总经理', 'S', '', null, null, 2);
insert into f_datadictionary (CATALOG_CODE, DATA_CODE, EXTRA_CODE, EXTRA_CODE2, DATA_TAG, DATA_VALUE, DATA_STYLE, DATA_DESC, LAST_MODIFY_DATE, CREATE_DATE, DATA_ORDER) values ('RankType', 'PM', '3', '', 'T', '副总经理', 'S', '', null, null, 3);
insert into f_datadictionary (CATALOG_CODE, DATA_CODE, EXTRA_CODE, EXTRA_CODE2, DATA_TAG, DATA_VALUE, DATA_STYLE, DATA_DESC, LAST_MODIFY_DATE, CREATE_DATE, DATA_ORDER) values ('RankType', 'ST', '10', '', 'T', '员工', 'S', '', null, null, 10);
insert into f_datadictionary (CATALOG_CODE, DATA_CODE, EXTRA_CODE, EXTRA_CODE2, DATA_TAG, DATA_VALUE, DATA_STYLE, DATA_DESC, LAST_MODIFY_DATE, CREATE_DATE, DATA_ORDER) values ('RoleType', 'D', '', '', 'T', '部门角色', 'S', '', null, null, 4);
insert into f_datadictionary (CATALOG_CODE, DATA_CODE, EXTRA_CODE, EXTRA_CODE2, DATA_TAG, DATA_VALUE, DATA_STYLE, DATA_DESC, LAST_MODIFY_DATE, CREATE_DATE, DATA_ORDER) values ('RoleType', 'F', '', '', 'T', '系统内置角色', 'S', '系统内置角色，不能删改', null, null, 1);
insert into f_datadictionary (CATALOG_CODE, DATA_CODE, EXTRA_CODE, EXTRA_CODE2, DATA_TAG, DATA_VALUE, DATA_STYLE, DATA_DESC, LAST_MODIFY_DATE, CREATE_DATE, DATA_ORDER) values ('RoleType', 'G', '', '', 'T', '全局角色', 'S', '', null, null, 2);
insert into f_datadictionary (CATALOG_CODE, DATA_CODE, EXTRA_CODE, EXTRA_CODE2, DATA_TAG, DATA_VALUE, DATA_STYLE, DATA_DESC, LAST_MODIFY_DATE, CREATE_DATE, DATA_ORDER) values ('RoleType', 'H', '', '', 'T', '隐藏角色', 'S', '', null, null, 7);
insert into f_datadictionary (CATALOG_CODE, DATA_CODE, EXTRA_CODE, EXTRA_CODE2, DATA_TAG, DATA_VALUE, DATA_STYLE, DATA_DESC, LAST_MODIFY_DATE, CREATE_DATE, DATA_ORDER) values ('RoleType', 'I', '', '', 'T', '项目角色', 'S', '', null, null, 5);
insert into f_datadictionary (CATALOG_CODE, DATA_CODE, EXTRA_CODE, EXTRA_CODE2, DATA_TAG, DATA_VALUE, DATA_STYLE, DATA_DESC, LAST_MODIFY_DATE, CREATE_DATE, DATA_ORDER) values ('RoleType', 'P', '', '', 'T', '公共角色', 'S', '', null, null, 3);
insert into f_datadictionary (CATALOG_CODE, DATA_CODE, EXTRA_CODE, EXTRA_CODE2, DATA_TAG, DATA_VALUE, DATA_STYLE, DATA_DESC, LAST_MODIFY_DATE, CREATE_DATE, DATA_ORDER) values ('RoleType', 'W', '', '', 'T', '工作流角色', 'S', '', null, null, 6);
insert into f_datadictionary (CATALOG_CODE, DATA_CODE, EXTRA_CODE, EXTRA_CODE2, DATA_TAG, DATA_VALUE, DATA_STYLE, DATA_DESC, LAST_MODIFY_DATE, CREATE_DATE, DATA_ORDER) values ('SUPPORT_LANG', 'en_US', '', '', 'T', 'English', 'S', '', null, null, 0);
insert into f_datadictionary (CATALOG_CODE, DATA_CODE, EXTRA_CODE, EXTRA_CODE2, DATA_TAG, DATA_VALUE, DATA_STYLE, DATA_DESC, LAST_MODIFY_DATE, CREATE_DATE, DATA_ORDER) values ('SUPPORT_LANG', 'zh_CN', '', '', 'T', '中文', 'S', '', null, null, 1);
insert into f_datadictionary (CATALOG_CODE, DATA_CODE, EXTRA_CODE, EXTRA_CODE2, DATA_TAG, DATA_VALUE, DATA_STYLE, DATA_DESC, LAST_MODIFY_DATE, CREATE_DATE, DATA_ORDER) values ('StationType', 'info', '', '', 'T', '信息维护', 'S', '', null, null, 2);
insert into f_datadictionary (CATALOG_CODE, DATA_CODE, EXTRA_CODE, EXTRA_CODE2, DATA_TAG, DATA_VALUE, DATA_STYLE, DATA_DESC, LAST_MODIFY_DATE, CREATE_DATE, DATA_ORDER) values ('StationType', 'mang', '', '', 'T', '管理岗', 'S', '', null, null, 0);
insert into f_datadictionary (CATALOG_CODE, DATA_CODE, EXTRA_CODE, EXTRA_CODE2, DATA_TAG, DATA_VALUE, DATA_STYLE, DATA_DESC, LAST_MODIFY_DATE, CREATE_DATE, DATA_ORDER) values ('StationType', 'serv', '', '', 'T', '后勤', 'S', '', null, null, 3);
insert into f_datadictionary (CATALOG_CODE, DATA_CODE, EXTRA_CODE, EXTRA_CODE2, DATA_TAG, DATA_VALUE, DATA_STYLE, DATA_DESC, LAST_MODIFY_DATE, CREATE_DATE, DATA_ORDER) values ('StationType', 'tech', '', '', 'T', '技术岗', 'S', '', null, null, 1);
insert into f_datadictionary (CATALOG_CODE, DATA_CODE, EXTRA_CODE, EXTRA_CODE2, DATA_TAG, DATA_VALUE, DATA_STYLE, DATA_DESC, LAST_MODIFY_DATE, CREATE_DATE, DATA_ORDER) values ('UnitType', 'A', '', '', 'T', '一般机构', 'U', '一般机构没有什么特别的', null, null, 1);
insert into f_datadictionary (CATALOG_CODE, DATA_CODE, EXTRA_CODE, EXTRA_CODE2, DATA_TAG, DATA_VALUE, DATA_STYLE, DATA_DESC, LAST_MODIFY_DATE, CREATE_DATE, DATA_ORDER) values ('UnitType', 'I', '', '', 'T', '项目组', 'U', '因为某个事务或者项目而建立的项目组', null, null, 2);
insert into f_datadictionary (CATALOG_CODE, DATA_CODE, EXTRA_CODE, EXTRA_CODE2, DATA_TAG, DATA_VALUE, DATA_STYLE, DATA_DESC, LAST_MODIFY_DATE, CREATE_DATE, DATA_ORDER) values ('UnitType', 'O', '', '', 'T', '业务机构', 'U', '根据业务创建的组织', null, null, 3);
insert into f_datadictionary (CATALOG_CODE, DATA_CODE, EXTRA_CODE, EXTRA_CODE2, DATA_TAG, DATA_VALUE, DATA_STYLE, DATA_DESC, LAST_MODIFY_DATE, CREATE_DATE, DATA_ORDER) values ('YesOrNo', 'F', '', '', 'N', '否', 'F', '', null, null, 2);
insert into f_datadictionary (CATALOG_CODE, DATA_CODE, EXTRA_CODE, EXTRA_CODE2, DATA_TAG, DATA_VALUE, DATA_STYLE, DATA_DESC, LAST_MODIFY_DATE, CREATE_DATE, DATA_ORDER) values ('YesOrNo', 'T', '', '', 'N', '是', 'F', '', null, null, 1);
insert into f_datadictionary (CATALOG_CODE, DATA_CODE, EXTRA_CODE, EXTRA_CODE2, DATA_TAG, DATA_VALUE, DATA_STYLE, DATA_DESC, LAST_MODIFY_DATE, CREATE_DATE, DATA_ORDER) values ('userSettingKey', 'LOCAL_LANG', '', '', 'T', '语言', 'S', '设置用户语言', null, null, null);
insert into f_datadictionary (CATALOG_CODE, DATA_CODE, EXTRA_CODE, EXTRA_CODE2, DATA_TAG, DATA_VALUE, DATA_STYLE, DATA_DESC, LAST_MODIFY_DATE, CREATE_DATE, DATA_ORDER) values ('userSettingKey', 'receiveways', '', '', 'T', '消息接收方式', 'S', '用户接收消息的方式，可以是多个用逗号隔开', null, null, null);

insert into f_optdatascope (OPT_SCOPE_CODE, OPT_ID, SCOPE_NAME, FILTER_CONDITION, SCOPE_MEMO) values ('117', 'USERMAG', '维护本部门用户', '[F_USERINFO.UNITCODE] = {currentStation.unitCode :currUnit}', '维护本部门数据库');
insert into f_optdatascope (OPT_SCOPE_CODE, OPT_ID, SCOPE_NAME, FILTER_CONDITION, SCOPE_MEMO) values ('118', 'USERMAG', '所有用户', 'all', '维护全部用户');




-- 初始化业务菜单
insert into f_optinfo (OPT_ID, OPT_NAME, PRE_OPT_ID, OPT_ROUTE, OPT_URL, FORM_CODE, OPT_TYPE, MSG_NO, MSG_PRM, IS_IN_TOOLBAR, IMG_INDEX, TOP_OPT_ID, ORDER_IND, FLOW_CODE, PAGE_TYPE, ICON, HEIGHT, WIDTH, UPDATE_DATE, CREATE_DATE, CREATOR, UPDATOR) values ('PLATFORM', '集成平台', '0', '...', '...', '', 'O', null, '', 'Y', null, '', null, '', 'D', 'icon-ok', null, null, null, null, 'u0000000', 'u0000000');
insert into f_optinfo (OPT_ID, OPT_NAME, PRE_OPT_ID, OPT_ROUTE, OPT_URL, FORM_CODE, OPT_TYPE, MSG_NO, MSG_PRM, IS_IN_TOOLBAR, IMG_INDEX, TOP_OPT_ID, ORDER_IND, FLOW_CODE, PAGE_TYPE, ICON, HEIGHT, WIDTH, UPDATE_DATE, CREATE_DATE, CREATOR, UPDATOR) values ('DEPTMAG', '部门管理', 'PLATFORM', '...', '...', '', 'O', null, '', 'Y', null, '', null, '', 'I', 'ios-people', null, null, null, null, 'u0000000', 'u0000000');
insert into f_optinfo (OPT_ID, OPT_NAME, PRE_OPT_ID, OPT_ROUTE, OPT_URL, FORM_CODE, OPT_TYPE, MSG_NO, MSG_PRM, IS_IN_TOOLBAR, IMG_INDEX, TOP_OPT_ID, ORDER_IND, FLOW_CODE, PAGE_TYPE, ICON, HEIGHT, WIDTH, UPDATE_DATE, CREATE_DATE, CREATOR, UPDATOR) values ('DEPTROLE', '部门角色定义', 'DEPTMAG', '/department/role', '/system/roleinfo', '', 'O', null, '', 'N', null, '', 0, '', 'D', 'icon-base icon-base-gear', null, null, null, null, 'u0000000', 'u0000000');
insert into f_optinfo (OPT_ID, OPT_NAME, PRE_OPT_ID, OPT_ROUTE, OPT_URL, FORM_CODE, OPT_TYPE, MSG_NO, MSG_PRM, IS_IN_TOOLBAR, IMG_INDEX, TOP_OPT_ID, ORDER_IND, FLOW_CODE, PAGE_TYPE, ICON, HEIGHT, WIDTH, UPDATE_DATE, CREATE_DATE, CREATOR, UPDATOR) values ('DEPTUSERINFO', '部门用户管理', 'DEPTMAG', '/department/user', '/system/unitinfo', '', 'O', null, '', 'N', null, '', null, '', 'D', '', null, null, null, null, 'u0000000', 'u0000000');
insert into f_optinfo (OPT_ID, OPT_NAME, PRE_OPT_ID, OPT_ROUTE, OPT_URL, FORM_CODE, OPT_TYPE, MSG_NO, MSG_PRM, IS_IN_TOOLBAR, IMG_INDEX, TOP_OPT_ID, ORDER_IND, FLOW_CODE, PAGE_TYPE, ICON, HEIGHT, WIDTH, UPDATE_DATE, CREATE_DATE, CREATOR, UPDATOR) values ('DICTSET_M', '数据字典', 'SYS_CONFIG', '/dictionary', '/system/dictionary', '', 'O', null, '', 'Y', null, '', null, '', 'D', 'logo-angular', null, null, null, null, 'u0000000', 'u0000000');
insert into f_optinfo (OPT_ID, OPT_NAME, PRE_OPT_ID, OPT_ROUTE, OPT_URL, FORM_CODE, OPT_TYPE, MSG_NO, MSG_PRM, IS_IN_TOOLBAR, IMG_INDEX, TOP_OPT_ID, ORDER_IND, FLOW_CODE, PAGE_TYPE, ICON, HEIGHT, WIDTH, UPDATE_DATE, CREATE_DATE, CREATOR, UPDATOR) values ('LOGINCAS', 'CAS登录入口', 'PLATFORM', '/system/mainframe/logincas', '/system/mainframe', '', 'O', null, '', 'N', null, '', null, '', 'D', '', null, null, null, null, 'u0000000', 'u0000000');
insert into f_optinfo (OPT_ID, OPT_NAME, PRE_OPT_ID, OPT_ROUTE, OPT_URL, FORM_CODE, OPT_TYPE, MSG_NO, MSG_PRM, IS_IN_TOOLBAR, IMG_INDEX, TOP_OPT_ID, ORDER_IND, FLOW_CODE, PAGE_TYPE, ICON, HEIGHT, WIDTH, UPDATE_DATE, CREATE_DATE, CREATOR, UPDATOR) values ('OPT_LOG_QUERY', '系统日志', 'SYS_CONFIG', '/log', '/system/optlog', '', 'O', null, '', 'Y', null, '', null, '', 'D', 'ios-barcode', null, null, null, null, 'u0000000', 'u0000000');
insert into f_optinfo (OPT_ID, OPT_NAME, PRE_OPT_ID, OPT_ROUTE, OPT_URL, FORM_CODE, OPT_TYPE, MSG_NO, MSG_PRM, IS_IN_TOOLBAR, IMG_INDEX, TOP_OPT_ID, ORDER_IND, FLOW_CODE, PAGE_TYPE, ICON, HEIGHT, WIDTH, UPDATE_DATE, CREATE_DATE, CREATOR, UPDATOR) values ('SYS_CONFIG', '系统维护', 'PLATFORM', '...', '...', '', 'O', null, '', 'Y', null, '', null, '', 'D', 'ios-cog', null, null, null, null, 'u0000000', 'u0000000');
insert into f_optinfo (OPT_ID, OPT_NAME, PRE_OPT_ID, OPT_ROUTE, OPT_URL, FORM_CODE, OPT_TYPE, MSG_NO, MSG_PRM, IS_IN_TOOLBAR, IMG_INDEX, TOP_OPT_ID, ORDER_IND, FLOW_CODE, PAGE_TYPE, ICON, HEIGHT, WIDTH, UPDATE_DATE, CREATE_DATE, CREATOR, UPDATOR) values ('UNITINFO', '机构维护', 'ORGMAG', '/unit', '/system/unitinfo', '', 'O', null, '', 'Y', null, '', null, '', 'D', 'ios-people', null, null, null, null, '', '');
insert into f_optinfo (OPT_ID, OPT_NAME, PRE_OPT_ID, OPT_ROUTE, OPT_URL, FORM_CODE, OPT_TYPE, MSG_NO, MSG_PRM, IS_IN_TOOLBAR, IMG_INDEX, TOP_OPT_ID, ORDER_IND, FLOW_CODE, PAGE_TYPE, ICON, HEIGHT, WIDTH, UPDATE_DATE, CREATE_DATE, CREATOR, UPDATOR) values ('USERMAG', '用户管理', 'ORGMAG', '/user', '/system/userinfo', '', 'O', null, '', 'Y', null, '', null, '', 'D', '', null, null, null, null, 'u0000000', 'u0000000');
insert into f_optinfo (OPT_ID, OPT_NAME, PRE_OPT_ID, OPT_ROUTE, OPT_URL, FORM_CODE, OPT_TYPE, MSG_NO, MSG_PRM, IS_IN_TOOLBAR, IMG_INDEX, TOP_OPT_ID, ORDER_IND, FLOW_CODE, PAGE_TYPE, ICON, HEIGHT, WIDTH, UPDATE_DATE, CREATE_DATE, CREATOR, UPDATOR) values ('USERROLE', '用户角色', 'ORGMAG', '/modules/sys/userrole.html', '/system/userrole', '', 'O', null, '', 'N', null, '', null, '', 'D', '', null, null, null, null, 'u0000000', 'u0000000');
insert into f_optinfo (OPT_ID, OPT_NAME, PRE_OPT_ID, OPT_ROUTE, OPT_URL, FORM_CODE, OPT_TYPE, MSG_NO, MSG_PRM, IS_IN_TOOLBAR, IMG_INDEX, TOP_OPT_ID, ORDER_IND, FLOW_CODE, PAGE_TYPE, ICON, HEIGHT, WIDTH, UPDATE_DATE, CREATE_DATE, CREATOR, UPDATOR) values ('USERUNIT', '用户机构', 'ORGMAG', '/modules/sys/userunit.html', '/system/userunit', '', 'O', null, '', 'N', null, '', null, '', 'D', '', null, null, null, null, 'u0000000', 'u0000000');
insert into f_optinfo (OPT_ID, OPT_NAME, PRE_OPT_ID, OPT_ROUTE, OPT_URL, FORM_CODE, OPT_TYPE, MSG_NO, MSG_PRM, IS_IN_TOOLBAR, IMG_INDEX, TOP_OPT_ID, ORDER_IND, FLOW_CODE, PAGE_TYPE, ICON, HEIGHT, WIDTH, UPDATE_DATE, CREATE_DATE, CREATOR, UPDATOR) values ('ORGMAG', '组织与权限', 'PLATFORM', '...', '...', '', 'O', null, '', 'Y', null, '', 3, '', 'I', 'ios-settings', null, null, null, null, 'u0000000', 'u0000000');
insert into f_optinfo (OPT_ID, OPT_NAME, PRE_OPT_ID, OPT_ROUTE, OPT_URL, FORM_CODE, OPT_TYPE, MSG_NO, MSG_PRM, IS_IN_TOOLBAR, IMG_INDEX, TOP_OPT_ID, ORDER_IND, FLOW_CODE, PAGE_TYPE, ICON, HEIGHT, WIDTH, UPDATE_DATE, CREATE_DATE, CREATOR, UPDATOR) values ('menu', '菜单管理', 'SYS_CONFIG', '/menu', '...', '', 'O', null, '', 'Y', null, '', null, '', 'D', '', null, null, null, null, '', '');
insert into f_optinfo (OPT_ID, OPT_NAME, PRE_OPT_ID, OPT_ROUTE, OPT_URL, FORM_CODE, OPT_TYPE, MSG_NO, MSG_PRM, IS_IN_TOOLBAR, IMG_INDEX, TOP_OPT_ID, ORDER_IND, FLOW_CODE, PAGE_TYPE, ICON, HEIGHT, WIDTH, UPDATE_DATE, CREATE_DATE, CREATOR, UPDATOR) values ('ROLE', '权限管理', 'ORGMAG', '/role', '...', '', 'O', null, '', 'Y', null, '', null, '', 'D', '', null, null, null, null, '', '');

insert into f_optdef (OPT_CODE, OPT_ID, OPT_NAME, OPT_METHOD, OPT_URL, OPT_DESC, OPT_ORDER, IS_IN_WORKFLOW, UPDATE_DATE, CREATE_DATE, OPT_REQ, CREATOR, UPDATOR) values ('2', 'DEPTMAG', '查看', 'list', '/*', '查看', null, 'F', null, null, 'R', 'u0000000', 'u0000000');
insert into f_optdef (OPT_CODE, OPT_ID, OPT_NAME, OPT_METHOD, OPT_URL, OPT_DESC, OPT_ORDER, IS_IN_WORKFLOW, UPDATE_DATE, CREATE_DATE, OPT_REQ, CREATOR, UPDATOR) values ('3', 'DEPTPOW', '查看', 'list', '/*', '查看', null, 'F', null, null, 'R', 'u0000000', 'u0000000');
insert into f_optdef (OPT_CODE, OPT_ID, OPT_NAME, OPT_METHOD, OPT_URL, OPT_DESC, OPT_ORDER, IS_IN_WORKFLOW, UPDATE_DATE, CREATE_DATE, OPT_REQ, CREATOR, UPDATOR) values ('7', 'ORGMAG', '查看', 'list', '/*', '查看', null, 'F', null, null, 'R', 'u0000000', 'u0000000');
insert into f_optdef (OPT_CODE, OPT_ID, OPT_NAME, OPT_METHOD, OPT_URL, OPT_DESC, OPT_ORDER, IS_IN_WORKFLOW, UPDATE_DATE, CREATE_DATE, OPT_REQ, CREATOR, UPDATOR) values ('10', 'SYS_CONFIG', '查看', 'list', '/*', '查看', null, 'F', null, null, 'R', 'u0000000', 'u0000000');
insert into f_optdef (OPT_CODE, OPT_ID, OPT_NAME, OPT_METHOD, OPT_URL, OPT_DESC, OPT_ORDER, IS_IN_WORKFLOW, UPDATE_DATE, CREATE_DATE, OPT_REQ, CREATOR, UPDATOR) values ('130', 'DICTSET_M', '编辑字典明细', 'updateDetail', '/update/*', '编辑字典明细', null, '', null, null, 'U', '', '');
insert into f_optdef (OPT_CODE, OPT_ID, OPT_NAME, OPT_METHOD, OPT_URL, OPT_DESC, OPT_ORDER, IS_IN_WORKFLOW, UPDATE_DATE, CREATE_DATE, OPT_REQ, CREATOR, UPDATOR) values ('146', 'DEPTUSERINFO', '列表入口', 'list', '/dummy', '查看', null, 'F', null, null, 'R', 'u0000000', 'u0000000');
insert into f_optdef (OPT_CODE, OPT_ID, OPT_NAME, OPT_METHOD, OPT_URL, OPT_DESC, OPT_ORDER, IS_IN_WORKFLOW, UPDATE_DATE, CREATE_DATE, OPT_REQ, CREATOR, UPDATOR) values ('154', 'DEPTROLE', '查看', 'list', '/unit/*', '查看某个具体机构的角色', null, 'F', null, null, 'R', 'u0000000', 'u0000000');
insert into f_optdef (OPT_CODE, OPT_ID, OPT_NAME, OPT_METHOD, OPT_URL, OPT_DESC, OPT_ORDER, IS_IN_WORKFLOW, UPDATE_DATE, CREATE_DATE, OPT_REQ, CREATOR, UPDATOR) values ('172', 'UNITINFO', '列表入口', '', '/dummy', '机构维护列表入口', null, '', null, null, 'R', '', '');
insert into f_optdef (OPT_CODE, OPT_ID, OPT_NAME, OPT_METHOD, OPT_URL, OPT_DESC, OPT_ORDER, IS_IN_WORKFLOW, UPDATE_DATE, CREATE_DATE, OPT_REQ, CREATOR, UPDATOR) values ('1000029', 'USERUNIT', '新增用户机构关联', 'create', '/', '添加用户关联机构', null, '', null, null, 'C', 'u0000000', 'u0000000');
insert into f_optdef (OPT_CODE, OPT_ID, OPT_NAME, OPT_METHOD, OPT_URL, OPT_DESC, OPT_ORDER, IS_IN_WORKFLOW, UPDATE_DATE, CREATE_DATE, OPT_REQ, CREATOR, UPDATOR) values ('1000030', 'USERUNIT', '编辑用户机构关联', 'update', '/*', '更新用户机构关联信息', null, '', null, null, 'U', 'u0000000', 'u0000000');
insert into f_optdef (OPT_CODE, OPT_ID, OPT_NAME, OPT_METHOD, OPT_URL, OPT_DESC, OPT_ORDER, IS_IN_WORKFLOW, UPDATE_DATE, CREATE_DATE, OPT_REQ, CREATOR, UPDATOR) values ('1000031', 'USERUNIT', '删除用户机构关联', 'delete', '/*', '删除用户关联机构关联', null, '', null, null, 'D', 'u0000000', 'u0000000');
insert into f_optdef (OPT_CODE, OPT_ID, OPT_NAME, OPT_METHOD, OPT_URL, OPT_DESC, OPT_ORDER, IS_IN_WORKFLOW, UPDATE_DATE, CREATE_DATE, OPT_REQ, CREATOR, UPDATOR) values ('1000032', 'USERROLE', '新增用户角色关联', '', '/', '添加用户关联角色', null, '', null, null, 'C', 'u0000000', 'u0000000');
insert into f_optdef (OPT_CODE, OPT_ID, OPT_NAME, OPT_METHOD, OPT_URL, OPT_DESC, OPT_ORDER, IS_IN_WORKFLOW, UPDATE_DATE, CREATE_DATE, OPT_REQ, CREATOR, UPDATOR) values ('1000033', 'USERROLE', '编辑用户角色关联', '', '/*/*', '更新用户关联角色信息', null, '', null, null, 'U', 'u0000000', 'u0000000');
insert into f_optdef (OPT_CODE, OPT_ID, OPT_NAME, OPT_METHOD, OPT_URL, OPT_DESC, OPT_ORDER, IS_IN_WORKFLOW, UPDATE_DATE, CREATE_DATE, OPT_REQ, CREATOR, UPDATOR) values ('1000034', 'USERROLE', '删除用户角色关联', '', '/*/*', '删除用户关联角色', null, '', null, null, 'D', 'u0000000', 'u0000000');
insert into f_optdef (OPT_CODE, OPT_ID, OPT_NAME, OPT_METHOD, OPT_URL, OPT_DESC, OPT_ORDER, IS_IN_WORKFLOW, UPDATE_DATE, CREATE_DATE, OPT_REQ, CREATOR, UPDATOR) values ('1000041', 'OPT_LOG_QUERY', '查看日志详情', '', '/dummy', '查看日志入口', null, '', null, null, 'R', 'u0000000', 'u0000000');
insert into f_optdef (OPT_CODE, OPT_ID, OPT_NAME, OPT_METHOD, OPT_URL, OPT_DESC, OPT_ORDER, IS_IN_WORKFLOW, UPDATE_DATE, CREATE_DATE, OPT_REQ, CREATOR, UPDATOR) values ('1000042', 'DICTSET_M', '查询数据字典', 'list', '/', '查询数据字典列表', null, '', null, null, 'R', 'u0000000', 'u0000000');
insert into f_optdef (OPT_CODE, OPT_ID, OPT_NAME, OPT_METHOD, OPT_URL, OPT_DESC, OPT_ORDER, IS_IN_WORKFLOW, UPDATE_DATE, CREATE_DATE, OPT_REQ, CREATOR, UPDATOR) values ('1000043', 'DICTSET_M', '新增数据字典', 'create', '/', '新增数据目录', null, '', null, null, 'C', 'u0000000', 'u0000000');
insert into f_optdef (OPT_CODE, OPT_ID, OPT_NAME, OPT_METHOD, OPT_URL, OPT_DESC, OPT_ORDER, IS_IN_WORKFLOW, UPDATE_DATE, CREATE_DATE, OPT_REQ, CREATOR, UPDATOR) values ('1000044', 'DICTSET_M', '编辑数据字典', 'update', '/*', '编辑数据字典', null, '', null, null, 'U', 'u0000000', 'u0000000');
insert into f_optdef (OPT_CODE, OPT_ID, OPT_NAME, OPT_METHOD, OPT_URL, OPT_DESC, OPT_ORDER, IS_IN_WORKFLOW, UPDATE_DATE, CREATE_DATE, OPT_REQ, CREATOR, UPDATOR) values ('1000045', 'DICTSET_M', '删除数据字典', 'delete', '/*', '删除数据目录', null, '', null, null, 'D', 'u0000000', 'u0000000');
insert into f_optdef (OPT_CODE, OPT_ID, OPT_NAME, OPT_METHOD, OPT_URL, OPT_DESC, OPT_ORDER, IS_IN_WORKFLOW, UPDATE_DATE, CREATE_DATE, OPT_REQ, CREATOR, UPDATOR) values ('1000070', 'USERMAG', '用户列表', '', '/', '用户列表', null, '', null, null, 'R', 'u0000000', 'u0000000');
insert into f_optdef (OPT_CODE, OPT_ID, OPT_NAME, OPT_METHOD, OPT_URL, OPT_DESC, OPT_ORDER, IS_IN_WORKFLOW, UPDATE_DATE, CREATE_DATE, OPT_REQ, CREATOR, UPDATOR) values ('1000071', 'USERMAG', '创建用户', '', '/', '创建用户', null, '', null, null, 'C', 'u0000000', 'u0000000');
insert into f_optdef (OPT_CODE, OPT_ID, OPT_NAME, OPT_METHOD, OPT_URL, OPT_DESC, OPT_ORDER, IS_IN_WORKFLOW, UPDATE_DATE, CREATE_DATE, OPT_REQ, CREATOR, UPDATOR) values ('1000072', 'USERMAG', '更新用户', '', '/*', '更新用户', null, '', null, null, 'U', 'u0000000', 'u0000000');
insert into f_optdef (OPT_CODE, OPT_ID, OPT_NAME, OPT_METHOD, OPT_URL, OPT_DESC, OPT_ORDER, IS_IN_WORKFLOW, UPDATE_DATE, CREATE_DATE, OPT_REQ, CREATOR, UPDATOR) values ('1000073', 'USERMAG', '删除用户', '', '/*', '删除用户', null, '', null, null, 'D', 'u0000000', 'u0000000');
insert into f_optdef (OPT_CODE, OPT_ID, OPT_NAME, OPT_METHOD, OPT_URL, OPT_DESC, OPT_ORDER, IS_IN_WORKFLOW, UPDATE_DATE, CREATE_DATE, OPT_REQ, CREATOR, UPDATOR) values ('1000080', 'LOGINCAS', 'CAS登录入口', 'logincas', '/logincas', '', null, '', null, null, 'RCU', 'u0000000', 'u0000000');
insert into f_optdef (OPT_CODE, OPT_ID, OPT_NAME, OPT_METHOD, OPT_URL, OPT_DESC, OPT_ORDER, IS_IN_WORKFLOW, UPDATE_DATE, CREATE_DATE, OPT_REQ, CREATOR, UPDATOR) values ('1000081', 'LOGINCAS', '获取菜单', 'getMenu', '/menu', '', null, '', null, null, 'R', 'u0000000', 'u0000000');
insert into f_optdef (OPT_CODE, OPT_ID, OPT_NAME, OPT_METHOD, OPT_URL, OPT_DESC, OPT_ORDER, IS_IN_WORKFLOW, UPDATE_DATE, CREATE_DATE, OPT_REQ, CREATOR, UPDATOR) values ('1001210', 'menu', '查看', 'search', '/changeme', '查看（系统默认）', null, '', null, null, 'CRUD', '', '');
insert into f_optdef (OPT_CODE, OPT_ID, OPT_NAME, OPT_METHOD, OPT_URL, OPT_DESC, OPT_ORDER, IS_IN_WORKFLOW, UPDATE_DATE, CREATE_DATE, OPT_REQ, CREATOR, UPDATOR) values ('1001211', 'ROLE', '查看', 'search', '/changeme', '查看（系统默认）', null, '', null, null, 'CRUD', '', '');
-- 用户、角色、权限初始化


-- 初始化角色信息
insert into F_ROLEINFO (ROLE_CODE, ROLE_NAME,ROLE_TYPE, IS_VALID, ROLE_DESC, CREATE_DATE, UPDATE_DATE,CREATOR,UPDATOR)
values ('deploy', '实施人员','G','T', '实施人员角色', sysdate, sysdate,'u0000000','u0000000');

insert into F_ROLEINFO (ROLE_CODE, ROLE_NAME,ROLE_TYPE, IS_VALID, ROLE_DESC, CREATE_DATE, UPDATE_DATE,CREATOR,UPDATOR)
values ('sysadmin', '系统管理员','G', 'T', '所有系统配置功能', sysdate, sysdate,'u0000000','u0000000');

insert into F_ROLEINFO (ROLE_CODE, ROLE_NAME,ROLE_TYPE, IS_VALID, ROLE_DESC, CREATE_DATE, UPDATE_DATE,CREATOR,UPDATOR)
values ('anonymous', '匿名角色','F', 'T', '匿名用户角色', sysdate, sysdate,'u0000000','u0000000');

insert into F_ROLEINFO (ROLE_CODE, ROLE_NAME,ROLE_TYPE, IS_VALID, ROLE_DESC, CREATE_DATE, UPDATE_DATE,CREATOR,UPDATOR)
values ('public', '公共角色','F', 'T', '公共角色权限会默认给不包括匿名用户的所有人', sysdate, sysdate,'u0000000','u0000000');


insert into F_ROLEINFO (ROLE_CODE, ROLE_NAME,ROLE_TYPE, IS_VALID, ROLE_DESC, CREATE_DATE, UPDATE_DATE,CREATOR,UPDATOR)
values ('forbidden', '禁用的功能','F', 'T', '这个角色不能赋给任何人，这个角色中的操作任何人都不可以调用。', sysdate, sysdate,'u0000000','u0000000');

insert into F_ROLEPOWER (ROLE_CODE, OPT_CODE, UPDATE_DATE, CREATE_DATE, OPT_SCOPE_CODES,CREATOR,UPDATOR)
values ('public', '1000080', sysdate, sysdate, '','u0000000','u0000000');
insert into F_ROLEPOWER (ROLE_CODE, OPT_CODE, UPDATE_DATE, CREATE_DATE, OPT_SCOPE_CODES,CREATOR,UPDATOR)
values ('public', '1000081', sysdate, sysdate, '','u0000000','u0000000');
insert into F_ROLEPOWER (ROLE_CODE, OPT_CODE, OPT_SCOPE_CODES, UPDATE_DATE, CREATE_DATE, CREATOR, UPDATOR)
values ('public', '1001187', '', null, null, '', '');
insert into F_ROLEPOWER (ROLE_CODE, OPT_CODE, OPT_SCOPE_CODES, UPDATE_DATE, CREATE_DATE, CREATOR, UPDATOR)
values ('public', '1001188', '', null, null, '', '');
insert into F_ROLEPOWER (ROLE_CODE, OPT_CODE, OPT_SCOPE_CODES, UPDATE_DATE, CREATE_DATE, CREATOR, UPDATOR)
values ('public', '1001189', '', null, null, '', '');
insert into F_ROLEPOWER (ROLE_CODE, OPT_CODE, OPT_SCOPE_CODES, UPDATE_DATE, CREATE_DATE, CREATOR, UPDATOR)
values ('public', '1001191', '', null, null, '', '');
insert into F_ROLEPOWER (ROLE_CODE, OPT_CODE, OPT_SCOPE_CODES, UPDATE_DATE, CREATE_DATE, CREATOR, UPDATOR)
values ('public', '1001238', '1001249', null, null, '', '');




insert into F_ROLEPOWER(role_code,opt_code,update_Date,create_date,opt_scope_codes,CREATOR,UPDATOR)
  select 'sysadmin',opt_code,sysdate,sysdate,'',CREATOR,UPDATOR from f_optdef ;

insert into F_USERROLE (USER_CODE, ROLE_CODE, OBTAIN_DATE,
      SECEDE_DATE, CHANGE_DESC, UPDATE_DATE, CREATE_DATE,CREATOR,UPDATOR)
values ('u0000000', 'sysadmin', sysdate,
 null,'' ,sysdate, sysdate,'u0000000','u0000000');


commit;
